,id,title
0,112020165729501137,V7_1
1,112020132922162312,V7_2
2,112020121891004424,V7_2
3,112020103170238826,V7_2
4,112020098573903613,V7_2
5,112020038265551529,V7_2
6,112019997779358128,Panel 7
7,112019987189372524,V7_1
8,112019953347766328,V7_1
9,112019936955025811,V7_2
10,112019924038891696,V7_2
11,112019915657512103,V7_2
12,112019899947537872,None
13,112019874347506820,V7_2
14,112019871106136980,V7_2
15,112019669025698681,Panel 6
16,112019639448313669,None
17,112019633763706931,Panel 6
18,112019566494931702,V6_1
19,112019565500014763,V6_1
20,112019563933399692,V6_1
21,112019563163126573,V6_1
22,112019560793453267,V6_1
23,112019554138066142,Panel 6
24,112019529427108551,V6_1
25,112019504667425180,V6_1
26,112019476384450526,V6_1
27,112019441022200244,Panel 6
28,112014525295663416,V5_3
29,112014523203678796,V5_3
30,112014520686541176,V5_3
31,112014506693795109,V5_2
32,112014503967779409,V5_1
33,112014487430335571,V5_3
34,112014475723610949,V5_1
35,112014466929631780,V5_1
36,112014451333508015,V5_1
37,112014444917358644,V5_3
38,112014443893042652,V5_3
39,112014442327868186,V5_3
40,112014439657378918,V5_3
41,112014432792811472,V5_3
42,112014363952475060,V5_3
43,112014361443382581,V5_2
44,112014354760886013,V5_3
45,112014347821192051,V5_1
46,112014330092249686,V5_1
47,112014326881312493,V5_1
48,112014305012921911,V5_3
49,112014286686362901,V5_3
50,112014273692865566,V5_3
51,112014250943016359,V5_3
52,112014246780602131,V5_3
53,112014241154066336,V5_1
54,112014220512071067,V5_3
55,112014045155617365,V4_1
56,112013996091157927,V4_2
57,112013979529847336,V4_1
58,112013927996774825,V4_1
59,112013900553333515,V4_1
60,112013897473743110,V4_2
61,112013881077678984,V4_1
62,112013869491554173,V4_2
63,112013848919150739,V4_2
64,112013834921563990,Panel 4
65,112013829584661504,V4_2
66,112013801672292654,V4_2
67,112013790793818810,None
68,112013769280457464,V4_1
69,112013735082079846,Doctoral Consortium 4
70,112013712013452725,V4_1
71,112009579862054426,V3_2
72,112009561473856238,V3_2
73,112009527220726110,V3_1
74,112009521672754854,Panel 3
75,112009519397359208,None
76,112009467617064479,V3_2
77,112009456657959024,V3_2
78,112009441839082095,V3_2
79,112009433309056050,V3_1
80,112009423101104425,V3_2
81,112009374590319059,V3_2
82,112009332893460232,None
83,112009328136128917,V3_2
84,112009307044076917,V3_2
85,112009298866901064,V3_2
86,112009286263091464,V3_2
87,112009278679065560,V3_2
88,112009273870696060,Panel 3
89,112009270835200588,V3_2
90,112009247138049387,None
91,112009247106189052,None
92,112009245417649927,V3_1
93,112009236487627650,None
94,112009232581761214,V3_2
95,112008816309031877,V2_1
96,112008807941863376,V2_1
97,112008800302902177,Doctoral Consortium 2
98,112008778573288071,Doctoral Consortium 2
99,112008773127589348,V2_1
100,112008770928465528,V2_2
101,112008757994090222,V2_1
102,112008737552271152,Doctoral Consortium 2
103,112008707866995314,V2_1
104,112008705417201531,V2_1
105,112008682971054625,V2_1
106,112008682540544029,V2_1
107,112008679702610580,V2_1
108,112008664329081654,V2_1
109,112008645076823857,V2_1
110,112008627841178016,None
111,112008605109616210,V2_1
112,112008604801808699,V2_1
113,112008602733122112,V2_1
114,112008599230714509,Panel 2
115,112008596615871238,None
116,112008592680220572,V2_1
117,112008589313456415,V2_1
118,112008588324951508,V2_1
119,112008581363144825,V2_1
120,112008569262220835,Doctoral Consortium 2
121,112008566365085096,V2_1
122,112008559578781985,V2_1
123,112008395690011068,V1_2
124,112008393090560651,Panel 1
125,112008380653545988,V1_1
126,112008378471794798,None
127,112008371997982226,V1_1
128,112008370708860284,V1_2
129,112008363660448478,V1_2
130,112008360276693564,V1_2
131,112008353299210831,V1_2
132,112008331103621862,V1_2
133,112008330984897767,Panel 1
134,112008281146541315,V1_2
135,112008263754159389,V1_1
136,112008257291663475,Panel 1
137,112008246014073817,Panel 1
138,112008239932808421,Doctoral Consortium 1
139,112008230661018556,V1_1
140,112008228279750139,Panel 1
141,112008219510256344,Doctoral Consortium 1
142,112008205946538018,None
143,112008204608329757,None
144,112008177051973700,V1_2
145,112008175897592103,V1_1
146,112008175773381634,V1_1
147,112008175388163798,Panel 1
148,112008174442142645,Panel 1
149,112008172724249213,V1_1
150,112008169260002388,V1_2
151,112008138452648803,Panel 1
152,112008134846881345,None
153,112008121786594635,Panel 1
154,112004387016894116,W8
155,112004375258256619,W8
156,112004369662822374,W8
157,112004361212482355,W8
158,112004344239055167,W13
159,112004343151819497,W13
160,112004342912756794,W8
161,112004319649115390,W8
162,112004319079233169,W13
163,112004310139359507,W8
164,112004303609017464,W8
165,112004296312607946,W8
166,112004291164525563,W8
167,112004269584221420,W8
168,112004258994407267,W8
169,112004223817742250,W8
170,112004182165518411,W8
171,112004146707494981,W8
172,112004143484386207,W8
173,112004098891516039,W9
174,112004087256261575,W7
175,112004082509086135,W8
176,112003914241197958,W8
177,112003900031630035,W13
178,112003776933296230,W8
179,112003774753935338,W8
180,112003768172294218,W8
181,112003719397586252,W1
182,112003636608163395,W8
183,112003622952743639,W9
184,112003185603326719,W13
185,112003132054416588,None
186,112003121545744702,W15
187,112003119160622937,W8
188,112003096022797531,W8
189,112003092092806000,W15
190,112003028822667130,W8
191,112003023994004653,W15
192,112002980133583339,W15
193,112002954927615058,W8
194,112002900101086947,W2
195,112002844635554412,W18
196,112002801559965728,W8
197,112002786676155728,W8
198,112002771365778310,W8
199,112002747614579436,W15
200,112002704526015799,W15
201,112002682393924122,W1
202,112002680191455503,W8
203,112002675797729570,W8
204,112002656238345159,W3
205,112002585526606043,W13
206,112002570524472402,W8
207,112002540871044107,W10
208,112002530021184937,W15
209,112002526050846375,W8
210,112002511899896845,W15
211,112002501518414680,W8
212,112002486125302984,W8
213,112002481075151716,W15
214,112002475349724725,W8
215,112002468166944566,W8
216,112002466087408413,W15
217,112002461579324413,W8
218,112002439468135620,W8
219,112002437607977132,W15
220,112002431955752078,W8
221,112002426957653207,W8
222,112002417826313890,W8
223,112002416784555336,W13
224,112002416131015158,W15
225,112002413114807429,W8
226,112002403864736917,W8
227,112002394971076544,W8
228,111998731952052186,W14
229,111998728899125002,W3
230,111998684715954129,W14
231,111998678317892109,W11
232,111998620323863750,W14
233,111998527098718160,W3
234,111998490409306935,W14
235,111998471827170923,W14
236,111998417723724243,W14
237,111998415064770664,W14
238,111998339166450634,W3
239,111998337726157248,W6
240,111998211564237359,W12
241,111998209796235521,W5
242,111998187459458938,W14
243,111998181610436601,W14
244,111998152727392563,None
245,111998144765301300,W4
246,111998120828684455,W14
247,111998039297627472,W14
248,111998027896738439,W14
249,111998020719054538,W12
250,111998019209956321,W3
251,111998001677294201,W12
252,111997994070772914,W14
253,111997981444433915,W12
254,111997968212837717,W5
255,111997945516284434,W11
